,run_id,task_id,flow_id,setup
0,6151241,146607,6970,<openml.setups.setup.OpenMLSetup object at 0x11367f1d0>
1,6146642,146607,6970,<openml.setups.setup.OpenMLSetup object at 0x1137bbcd0>
2,6169694,146607,6970,<openml.setups.setup.OpenMLSetup object at 0x1140b51d0>
3,6157299,146607,6970,<openml.setups.setup.OpenMLSetup object at 0x113c0ce10>
4,6133852,146607,6970,<openml.setups.setup.OpenMLSetup object at 0x1133e9d90>
5,6158430,146607,6970,<openml.setups.setup.OpenMLSetup object at 0x114105490>
6,6133859,146607,6970,<openml.setups.setup.OpenMLSetup object at 0x1133c7590>
7,6152302,146607,6970,<openml.setups.setup.OpenMLSetup object at 0x113685110>
8,6118193,146607,6970,<openml.setups.setup.OpenMLSetup object at 0x1170ef7d0>
9,6154361,146607,6970,<openml.setups.setup.OpenMLSetup object at 0x113c227d0>
10,6136995,146607,6970,<openml.setups.setup.OpenMLSetup object at 0x1109b0a90>
11,6133888,146607,6970,<openml.setups.setup.OpenMLSetup object at 0x1133c7d50>
12,6141570,146607,6970,<openml.setups.setup.OpenMLSetup object at 0x113b01710>
13,6141572,146607,6970,<openml.setups.setup.OpenMLSetup object at 0x113b01ed0>
14,6153865,146607,6970,<openml.setups.setup.OpenMLSetup object at 0x11368b050>
15,6116684,146607,6970,<openml.setups.setup.OpenMLSetup object at 0x1170c2890>
16,6152334,146607,6970,<openml.setups.setup.OpenMLSetup object at 0x1136858d0>
17,6134927,146607,6970,<openml.setups.setup.OpenMLSetup object at 0x1132d0b90>
18,6133415,146607,6970,<openml.setups.setup.OpenMLSetup object at 0x1109f3e90>
19,6139029,146607,6970,<openml.setups.setup.OpenMLSetup object at 0x11709e190>
20,6157974,146607,6970,<openml.setups.setup.OpenMLSetup object at 0x114111550>
21,6145687,146607,6970,<openml.setups.setup.OpenMLSetup object at 0x1137ab550>
22,6133912,146607,6970,<openml.setups.setup.OpenMLSetup object at 0x1133dd550>
23,6118233,146607,6970,<openml.setups.setup.OpenMLSetup object at 0x1170eff90>
24,6167720,146607,6970,<openml.setups.setup.OpenMLSetup object at 0x113a15290>
25,6141090,146607,6970,<openml.setups.setup.OpenMLSetup object at 0x114257790>
26,6151843,146607,6970,<openml.setups.setup.OpenMLSetup object at 0x1136a9950>
27,6133412,146607,6970,<openml.setups.setup.OpenMLSetup object at 0x1109f36d0>
28,6172337,146607,6970,<openml.setups.setup.OpenMLSetup object at 0x1140eb190>
29,6140843,146607,6970,<openml.setups.setup.OpenMLSetup object at 0x11426c7d0>
30,6146731,146607,6970,<openml.setups.setup.OpenMLSetup object at 0x1137a44d0>
31,6155436,146607,6970,<openml.setups.setup.OpenMLSetup object at 0x113c2c750>
32,6156974,146607,6970,<openml.setups.setup.OpenMLSetup object at 0x113c00690>
33,6115437,146607,6970,<openml.setups.setup.OpenMLSetup object at 0x113282a50>
34,6116212,146607,6970,<openml.setups.setup.OpenMLSetup object at 0x113283990>
35,6116726,146607,6970,<openml.setups.setup.OpenMLSetup object at 0x1170ea090>
36,6158008,146607,6970,<openml.setups.setup.OpenMLSetup object at 0x114111d10>
37,6158510,146607,6970,<openml.setups.setup.OpenMLSetup object at 0x114105c50>
38,6142656,146607,6970,<openml.setups.setup.OpenMLSetup object at 0x113b00690>
39,6136517,146607,6970,<openml.setups.setup.OpenMLSetup object at 0x1132db310>
40,6141126,146607,6970,<openml.setups.setup.OpenMLSetup object at 0x114257f50>
41,6147276,146607,6970,<openml.setups.setup.OpenMLSetup object at 0x1137b8450>
42,6159974,146607,6970,<openml.setups.setup.OpenMLSetup object at 0x113a123d0>
43,6155985,146607,6970,<openml.setups.setup.OpenMLSetup object at 0x113c1d710>
44,6133458,146607,6970,<openml.setups.setup.OpenMLSetup object at 0x110963690>
45,6138067,146607,6970,<openml.setups.setup.OpenMLSetup object at 0x117076210>
46,6141141,146607,6970,<openml.setups.setup.OpenMLSetup object at 0x113b1a750>
47,6117783,146607,6970,<openml.setups.setup.OpenMLSetup object at 0x1170defd0>
48,6134487,146607,6970,<openml.setups.setup.OpenMLSetup object at 0x1159a0490>
49,6116251,146607,6970,<openml.setups.setup.OpenMLSetup object at 0x113d37190>
50,6115573,146607,6970,<openml.setups.setup.OpenMLSetup object at 0x11329f9d0>
51,6146272,146607,6970,<openml.setups.setup.OpenMLSetup object at 0x1137abd10>
52,6146785,146607,6970,<openml.setups.setup.OpenMLSetup object at 0x1137a4c90>
53,6142178,146607,6970,<openml.setups.setup.OpenMLSetup object at 0x113b23e90>
54,6134800,146607,6970,<openml.setups.setup.OpenMLSetup object at 0x1132d03d0>
55,6135562,146607,6970,<openml.setups.setup.OpenMLSetup object at 0x1132b7b50>
56,6158517,146607,6970,<openml.setups.setup.OpenMLSetup object at 0x114120450>
57,6157031,146607,6970,<openml.setups.setup.OpenMLSetup object at 0x113c00e50>
58,6134710,146607,6970,<openml.setups.setup.OpenMLSetup object at 0x1159b6bd0>
59,6138093,146607,6970,<openml.setups.setup.OpenMLSetup object at 0x1170769d0>
60,6138094,146607,6970,<openml.setups.setup.OpenMLSetup object at 0x1170b01d0>
61,6148847,146607,6970,<openml.setups.setup.OpenMLSetup object at 0x113e7bb50>
62,6139319,146607,6970,<openml.setups.setup.OpenMLSetup object at 0x1170a4910>
63,6151923,146607,6970,<openml.setups.setup.OpenMLSetup object at 0x1136af150>
64,6169344,146607,6970,<openml.setups.setup.OpenMLSetup object at 0x1140cb9d0>
65,6158072,146607,6970,<openml.setups.setup.OpenMLSetup object at 0x11412e510>
66,6139131,146607,6970,<openml.setups.setup.OpenMLSetup object at 0x11709e950>
67,6136060,146607,6970,<openml.setups.setup.OpenMLSetup object at 0x1132aeb10>
68,6153470,146607,6970,<openml.setups.setup.OpenMLSetup object at 0x113678090>
69,6134533,146607,6970,<openml.setups.setup.OpenMLSetup object at 0x1159a0c50>
70,6133605,146607,6970,<openml.setups.setup.OpenMLSetup object at 0x110959650>
71,6141703,146607,6970,<openml.setups.setup.OpenMLSetup object at 0x113b236d0>
72,6140680,146607,6970,<openml.setups.setup.OpenMLSetup object at 0x114248850>
73,6115274,146607,6970,<openml.setups.setup.OpenMLSetup object at 0x113791e10>
74,6134538,146607,6970,<openml.setups.setup.OpenMLSetup object at 0x11599d450>
75,6119374,146607,6970,<openml.setups.setup.OpenMLSetup object at 0x1109f1f10>
76,6118863,146607,6970,<openml.setups.setup.OpenMLSetup object at 0x1109f1750>
77,6134034,146607,6970,<openml.setups.setup.OpenMLSetup object at 0x1133ddd10>
78,6157330,146607,6970,<openml.setups.setup.OpenMLSetup object at 0x113bf8610>
79,6139157,146607,6970,<openml.setups.setup.OpenMLSetup object at 0x1170a4150>
80,6154009,146607,6970,<openml.setups.setup.OpenMLSetup object at 0x11368b810>
81,6134557,146607,6970,<openml.setups.setup.OpenMLSetup object at 0x11599dc10>
82,6156581,146607,6970,<openml.setups.setup.OpenMLSetup object at 0x113c166d0>
83,6148903,146607,6970,<openml.setups.setup.OpenMLSetup object at 0x113ea0350>
84,6172979,146607,6970,<openml.setups.setup.OpenMLSetup object at 0x1140eb950>
85,6119408,146607,6970,<openml.setups.setup.OpenMLSetup object at 0x1109fb710>
86,6140720,146607,6970,<openml.setups.setup.OpenMLSetup object at 0x11425b050>
87,6140211,146607,6970,<openml.setups.setup.OpenMLSetup object at 0x1142470d0>
88,6133556,146607,6970,<openml.setups.setup.OpenMLSetup object at 0x110963e50>
89,6147381,146607,6970,<openml.setups.setup.OpenMLSetup object at 0x1137b8c10>
90,6140269,146607,6970,<openml.setups.setup.OpenMLSetup object at 0x114247890>
91,6167876,146607,6970,<openml.setups.setup.OpenMLSetup object at 0x113a15a50>
92,6157627,146607,6970,<openml.setups.setup.OpenMLSetup object at 0x1140f55d0>
93,6144316,146607,6970,<openml.setups.setup.OpenMLSetup object at 0x113b1f610>
94,6134078,146607,6970,<openml.setups.setup.OpenMLSetup object at 0x1133d9510>
95,6157679,146607,6970,<openml.setups.setup.OpenMLSetup object at 0x1140f5d90>
96,6145352,146607,6970,<openml.setups.setup.OpenMLSetup object at 0x1137a5590>
97,6147913,146607,6970,<openml.setups.setup.OpenMLSetup object at 0x1137d63d0>
98,6115341,146607,6970,<openml.setups.setup.OpenMLSetup object at 0x113282290>
99,6145359,146607,6970,<openml.setups.setup.OpenMLSetup object at 0x1137a5d50>
100,6140757,146607,6970,<openml.setups.setup.OpenMLSetup object at 0x11425b810>
101,6133704,146607,6970,<openml.setups.setup.OpenMLSetup object at 0x110959e10>
102,6137178,146607,6970,<openml.setups.setup.OpenMLSetup object at 0x1109c7290>
103,6134621,146607,6970,<openml.setups.setup.OpenMLSetup object at 0x1159b6410>
104,6143330,146607,6970,<openml.setups.setup.OpenMLSetup object at 0x113b00e50>
105,6159727,146607,6970,<openml.setups.setup.OpenMLSetup object at 0x113a0abd0>
106,6137197,146607,6970,<openml.setups.setup.OpenMLSetup object at 0x1109c7a50>
107,6161785,146607,6970,<openml.setups.setup.OpenMLSetup object at 0x113a12b90>
108,6136690,146607,6970,<openml.setups.setup.OpenMLSetup object at 0x1132dbad0>
109,6147421,146607,6970,<openml.setups.setup.OpenMLSetup object at 0x1137ca410>
110,6163838,146607,6970,<openml.setups.setup.OpenMLSetup object at 0x113a02310>
111,6137720,146607,6970,<openml.setups.setup.OpenMLSetup object at 0x1109d1a10>
112,6143867,146607,6970,<openml.setups.setup.OpenMLSetup object at 0x113b0a650>
113,6149503,146607,6970,<openml.setups.setup.OpenMLSetup object at 0x113e75310>
114,6138752,146607,6970,<openml.setups.setup.OpenMLSetup object at 0x1170b0990>
115,6134223,146607,6970,<openml.setups.setup.OpenMLSetup object at 0x1133d9cd0>
116,6135682,146607,6970,<openml.setups.setup.OpenMLSetup object at 0x1132ae350>
117,6148973,146607,6970,<openml.setups.setup.OpenMLSetup object at 0x113ea0b10>
118,6158213,146607,6970,<openml.setups.setup.OpenMLSetup object at 0x11412ecd0>
119,6134311,146607,6970,<openml.setups.setup.OpenMLSetup object at 0x1159a7c90>
120,6168465,146607,6970,<openml.setups.setup.OpenMLSetup object at 0x113a1ea10>
121,6151564,146607,6970,<openml.setups.setup.OpenMLSetup object at 0x11367f990>
122,6152594,146607,6970,<openml.setups.setup.OpenMLSetup object at 0x113698890>
123,6150354,146607,6970,<openml.setups.setup.OpenMLSetup object at 0x113e89290>
124,6116446,146607,6970,<openml.setups.setup.OpenMLSetup object at 0x113d37950>
125,6150558,146607,6970,<openml.setups.setup.OpenMLSetup object at 0x113e89a50>
126,6140833,146607,6970,<openml.setups.setup.OpenMLSetup object at 0x11425bfd0>
127,6141482,146607,6970,<openml.setups.setup.OpenMLSetup object at 0x113b1af10>
128,6158246,146607,6970,<openml.setups.setup.OpenMLSetup object at 0x1140f94d0>
129,6169013,146607,6970,<openml.setups.setup.OpenMLSetup object at 0x1140cb210>
130,6144940,146607,6970,<openml.setups.setup.OpenMLSetup object at 0x113b1c5d0>
131,6143920,146607,6970,<openml.setups.setup.OpenMLSetup object at 0x113b0ae10>
132,6140849,146607,6970,<openml.setups.setup.OpenMLSetup object at 0x11426cf90>
133,6150581,146607,6970,<openml.setups.setup.OpenMLSetup object at 0x113e8f250>
134,6146486,146607,6970,<openml.setups.setup.OpenMLSetup object at 0x1137bb510>
135,6119544,146607,6970,<openml.setups.setup.OpenMLSetup object at 0x1109fbed0>
136,6135225,146607,6970,<openml.setups.setup.OpenMLSetup object at 0x1132b7390>
137,6140347,146607,6970,<openml.setups.setup.OpenMLSetup object at 0x114248090>
138,6149508,146607,6970,<openml.setups.setup.OpenMLSetup object at 0x113e75ad0>
139,6164427,146607,6970,<openml.setups.setup.OpenMLSetup object at 0x113a02ad0>
140,6139333,146607,6970,<openml.setups.setup.OpenMLSetup object at 0x114259110>
141,6166994,146607,6970,<openml.setups.setup.OpenMLSetup object at 0x113a0ea90>
142,6117002,146607,6970,<openml.setups.setup.OpenMLSetup object at 0x1170ea850>
143,6162905,146607,6970,<openml.setups.setup.OpenMLSetup object at 0x113a07350>
144,6118545,146607,6970,<openml.setups.setup.OpenMLSetup object at 0x110a1e790>
145,6157196,146607,6970,<openml.setups.setup.OpenMLSetup object at 0x113c0c650>
146,6144473,146607,6970,<openml.setups.setup.OpenMLSetup object at 0x113b1fdd0>
147,6116596,146607,6970,<openml.setups.setup.OpenMLSetup object at 0x1170c20d0>
148,6133723,146607,6970,<openml.setups.setup.OpenMLSetup object at 0x110962610>
149,6158812,146607,6970,<openml.setups.setup.OpenMLSetup object at 0x113a0a410>
150,6137312,146607,6970,<openml.setups.setup.OpenMLSetup object at 0x1109d1250>
151,6154723,146607,6970,<openml.setups.setup.OpenMLSetup object at 0x113c03790>
152,6148070,146607,6970,<openml.setups.setup.OpenMLSetup object at 0x1137d6b90>
153,6133736,146607,6970,<openml.setups.setup.OpenMLSetup object at 0x110962dd0>
154,6156267,146607,6970,<openml.setups.setup.OpenMLSetup object at 0x113c1ded0>
155,6153526,146607,6970,<openml.setups.setup.OpenMLSetup object at 0x113678850>
156,6151149,146607,6970,<openml.setups.setup.OpenMLSetup object at 0x113eac9d0>
157,6166763,146607,6970,<openml.setups.setup.OpenMLSetup object at 0x113a0e2d0>
158,6157808,146607,6970,<openml.setups.setup.OpenMLSetup object at 0x1140f8590>
159,6149618,146607,6970,<openml.setups.setup.OpenMLSetup object at 0x113eaa2d0>
160,6171048,146607,6970,<openml.setups.setup.OpenMLSetup object at 0x1140b5990>
161,6117557,146607,6970,<openml.setups.setup.OpenMLSetup object at 0x1170de050>
162,6151139,146607,6970,<openml.setups.setup.OpenMLSetup object at 0x113eac210>
163,6162950,146607,6970,<openml.setups.setup.OpenMLSetup object at 0x113a07b10>
164,6155263,146607,6970,<openml.setups.setup.OpenMLSetup object at 0x113c03f50>
165,6149633,146607,6970,<openml.setups.setup.OpenMLSetup object at 0x113eaaa90>
166,6147074,146607,6970,<openml.setups.setup.OpenMLSetup object at 0x1137a2490>
167,6157827,146607,6970,<openml.setups.setup.OpenMLSetup object at 0x1140f8d50>
168,6158342,146607,6970,<openml.setups.setup.OpenMLSetup object at 0x1140f9c90>
169,6152199,146607,6970,<openml.setups.setup.OpenMLSetup object at 0x1136af910>
170,6134280,146607,6970,<openml.setups.setup.OpenMLSetup object at 0x1159a74d0>
171,6145035,146607,6970,<openml.setups.setup.OpenMLSetup object at 0x113b1cd90>
172,6116558,146607,6970,<openml.setups.setup.OpenMLSetup object at 0x113d70910>
173,6147088,146607,6970,<openml.setups.setup.OpenMLSetup object at 0x1137a2c50>
174,6162460,146607,6970,<openml.setups.setup.OpenMLSetup object at 0x113a30390>
175,6116564,146607,6970,<openml.setups.setup.OpenMLSetup object at 0x113d41110>
176,6152524,146607,6970,<openml.setups.setup.OpenMLSetup object at 0x1136980d0>
177,6147606,146607,6970,<openml.setups.setup.OpenMLSetup object at 0x1137cabd0>
178,6155801,146607,6970,<openml.setups.setup.OpenMLSetup object at 0x113c2cf10>
179,6116572,146607,6970,<openml.setups.setup.OpenMLSetup object at 0x113d418d0>
180,6133788,146607,6970,<openml.setups.setup.OpenMLSetup object at 0x1133e95d0>
181,6139934,146607,6970,<openml.setups.setup.OpenMLSetup object at 0x1142598d0>
182,6115553,146607,6970,<openml.setups.setup.OpenMLSetup object at 0x113267a10>
183,6151713,146607,6970,<openml.setups.setup.OpenMLSetup object at 0x1136a9190>
184,6148535,146607,6970,<openml.setups.setup.OpenMLSetup object at 0x113e7b390>
185,6156837,146607,6970,<openml.setups.setup.OpenMLSetup object at 0x113c16e90>
186,6115560,146607,6970,<openml.setups.setup.OpenMLSetup object at 0x11329f210>
187,6136873,146607,6970,<openml.setups.setup.OpenMLSetup object at 0x1109b02d0>
188,6115500,146607,6970,<openml.setups.setup.OpenMLSetup object at 0x113267250>
189,6118653,146607,6970,<openml.setups.setup.OpenMLSetup object at 0x110a1ef50>
190,6116539,146607,6970,<openml.setups.setup.OpenMLSetup object at 0x113d70150>
191,6168121,146607,6970,<openml.setups.setup.OpenMLSetup object at 0x113a1e250>
192,6162493,146607,6970,<openml.setups.setup.OpenMLSetup object at 0x113a30b50>
193,6154292,146607,6970,<openml.setups.setup.OpenMLSetup object at 0x11368bfd0>
194,6150709,146607,6970,<openml.setups.setup.OpenMLSetup object at 0x113e8fa10>
195,6154478,146607,6970,<openml.setups.setup.OpenMLSetup object at 0x113c22f90>
196,6157465,146607,6970,<openml.setups.setup.OpenMLSetup object at 0x113bf8dd0>
197,6117632,146607,6970,<openml.setups.setup.OpenMLSetup object at 0x1170de810>
198,6116097,146607,6970,<openml.setups.setup.OpenMLSetup object at 0x1132831d0>
199,6158575,146607,6970,<openml.setups.setup.OpenMLSetup object at 0x114120c10>
200,8730559,146607,7707,<openml.setups.setup.OpenMLSetup object at 0x113f301d0>
201,8733098,146607,7707,<openml.setups.setup.OpenMLSetup object at 0x113f1fa10>
202,8700854,146607,7707,<openml.setups.setup.OpenMLSetup object at 0x1176724d0>
203,8836095,146607,7707,<openml.setups.setup.OpenMLSetup object at 0x11455ee50>
204,8841730,146607,7707,<openml.setups.setup.OpenMLSetup object at 0x114579090>
205,8805679,146607,7707,<openml.setups.setup.OpenMLSetup object at 0x11444b410>
206,8810504,146607,7707,<openml.setups.setup.OpenMLSetup object at 0x1145bae10>
207,8822281,146607,7707,<openml.setups.setup.OpenMLSetup object at 0x1144e92d0>
208,8807915,146607,7707,<openml.setups.setup.OpenMLSetup object at 0x114456550>
209,8746240,146607,7707,<openml.setups.setup.OpenMLSetup object at 0x113f24250>
210,8806896,146607,7707,<openml.setups.setup.OpenMLSetup object at 0x11443b510>
211,8701648,146607,7707,<openml.setups.setup.OpenMLSetup object at 0x117637d50>
212,8806901,146607,7707,<openml.setups.setup.OpenMLSetup object at 0x11443bd10>
213,8808646,146607,7707,<openml.setups.setup.OpenMLSetup object at 0x114456d50>
214,8704729,146607,7707,<openml.setups.setup.OpenMLSetup object at 0x113345650>
215,8815133,146607,7707,<openml.setups.setup.OpenMLSetup object at 0x114620810>
216,8699613,146607,7707,<openml.setups.setup.OpenMLSetup object at 0x110aa6b90>
217,8817186,146607,7707,<openml.setups.setup.OpenMLSetup object at 0x1145fc0d0>
218,8711399,146607,7707,<openml.setups.setup.OpenMLSetup object at 0x113c69150>
219,8708839,146607,7707,<openml.setups.setup.OpenMLSetup object at 0x113c50810>
220,8708456,146607,7707,<openml.setups.setup.OpenMLSetup object at 0x113365f90>
221,8845867,146607,7707,<openml.setups.setup.OpenMLSetup object at 0x114577190>
222,8698092,146607,7707,<openml.setups.setup.OpenMLSetup object at 0x113be2190>
223,8814639,146607,7707,<openml.setups.setup.OpenMLSetup object at 0x1146077d0>
224,8817200,146607,7707,<openml.setups.setup.OpenMLSetup object at 0x1145fc8d0>
225,8698611,146607,7707,<openml.setups.setup.OpenMLSetup object at 0x110a8d310>
226,8703082,146607,7707,<openml.setups.setup.OpenMLSetup object at 0x11335fdd0>
227,8699637,146607,7707,<openml.setups.setup.OpenMLSetup object at 0x1176413d0>
228,8828983,146607,7707,<openml.setups.setup.OpenMLSetup object at 0x113aa6d50>
229,8830010,146607,7707,<openml.setups.setup.OpenMLSetup object at 0x113a89590>
230,8709284,146607,7707,<openml.setups.setup.OpenMLSetup object at 0x113c6f090>
231,8698109,146607,7707,<openml.setups.setup.OpenMLSetup object at 0x113be2990>
232,8702207,146607,7707,<openml.setups.setup.OpenMLSetup object at 0x117668590>
233,8809509,146607,7707,<openml.setups.setup.OpenMLSetup object at 0x1145c85d0>
234,8700679,146607,7707,<openml.setups.setup.OpenMLSetup object at 0x11765cc50>
235,8836697,146607,7707,<openml.setups.setup.OpenMLSetup object at 0x11454ced0>
236,8836170,146607,7707,<openml.setups.setup.OpenMLSetup object at 0x114533e90>
237,8804913,146607,7707,<openml.setups.setup.OpenMLSetup object at 0x113efeb50>
238,8842326,146607,7707,<openml.setups.setup.OpenMLSetup object at 0x11459d0d0>
239,8836185,146607,7707,<openml.setups.setup.OpenMLSetup object at 0x11454c6d0>
240,8707355,146607,7707,<openml.setups.setup.OpenMLSetup object at 0x11332af10>
241,8702236,146607,7707,<openml.setups.setup.OpenMLSetup object at 0x117668d90>
242,8699166,146607,7707,<openml.setups.setup.OpenMLSetup object at 0x110a94b50>
243,8700703,146607,7707,<openml.setups.setup.OpenMLSetup object at 0x11763c490>
244,8825953,146607,7707,<openml.setups.setup.OpenMLSetup object at 0x113a7a450>
245,8698146,146607,7707,<openml.setups.setup.OpenMLSetup object at 0x110a9f1d0>
246,8811109,146607,7707,<openml.setups.setup.OpenMLSetup object at 0x1145e8650>
247,8838761,146607,7707,<openml.setups.setup.OpenMLSetup object at 0x11456b750>
248,8708907,146607,7707,<openml.setups.setup.OpenMLSetup object at 0x113c3e050>
249,8826463,146607,7707,<openml.setups.setup.OpenMLSetup object at 0x113a8f4d0>
250,8836106,146607,7707,<openml.setups.setup.OpenMLSetup object at 0x114533690>
251,8805457,146607,7707,<openml.setups.setup.OpenMLSetup object at 0x11446db90>
252,8805970,146607,7707,<openml.setups.setup.OpenMLSetup object at 0x11444bc10>
253,8704817,146607,7707,<openml.setups.setup.OpenMLSetup object at 0x113345e50>
254,8809556,146607,7707,<openml.setups.setup.OpenMLSetup object at 0x1145c8dd0>
255,8814196,146607,7707,<openml.setups.setup.OpenMLSetup object at 0x1145cff50>
256,8708042,146607,7707,<openml.setups.setup.OpenMLSetup object at 0x11334af50>
257,8700214,146607,7707,<openml.setups.setup.OpenMLSetup object at 0x11765e410>
258,8746358,146607,7707,<openml.setups.setup.OpenMLSetup object at 0x113f24a50>
259,8728616,146607,7707,<openml.setups.setup.OpenMLSetup object at 0x113f0f990>
260,8700364,146607,7707,<openml.setups.setup.OpenMLSetup object at 0x11765ec10>
261,8701249,146607,7707,<openml.setups.setup.OpenMLSetup object at 0x11765fd10>
262,8710987,146607,7707,<openml.setups.setup.OpenMLSetup object at 0x113c66110>
263,8851594,146607,7707,<openml.setups.setup.OpenMLSetup object at 0x1144f9250>
264,8805997,146607,7707,<openml.setups.setup.OpenMLSetup object at 0x114465450>
265,8806511,146607,7707,<openml.setups.setup.OpenMLSetup object at 0x11445ecd0>
266,8732069,146607,7707,<openml.setups.setup.OpenMLSetup object at 0x113f1f210>
267,8817296,146607,7707,<openml.setups.setup.OpenMLSetup object at 0x1145f8110>
268,8698192,146607,7707,<openml.setups.setup.OpenMLSetup object at 0x110a9f9d0>
269,8698197,146607,7707,<openml.setups.setup.OpenMLSetup object at 0x110aae210>
270,8698710,146607,7707,<openml.setups.setup.OpenMLSetup object at 0x110a8db10>
271,8698576,146607,7707,<openml.setups.setup.OpenMLSetup object at 0x110aadad0>
272,8700764,146607,7707,<openml.setups.setup.OpenMLSetup object at 0x11763cc90>
273,8699229,146607,7707,<openml.setups.setup.OpenMLSetup object at 0x110aa6390>
274,8819871,146607,7707,<openml.setups.setup.OpenMLSetup object at 0x1144c49d0>
275,8709674,146607,7707,<openml.setups.setup.OpenMLSetup object at 0x113c540d0>
276,8707428,146607,7707,<openml.setups.setup.OpenMLSetup object at 0x11334a750>
277,8821926,146607,7707,<openml.setups.setup.OpenMLSetup object at 0x1144ec290>
278,8841895,146607,7707,<openml.setups.setup.OpenMLSetup object at 0x114579890>
279,8842409,146607,7707,<openml.setups.setup.OpenMLSetup object at 0x11459d8d0>
280,8825002,146607,7707,<openml.setups.setup.OpenMLSetup object at 0x1144b3b50>
281,8841387,146607,7707,<openml.setups.setup.OpenMLSetup object at 0x11454f7d0>
282,8709485,146607,7707,<openml.setups.setup.OpenMLSetup object at 0x113c6f890>
283,8824494,146607,7707,<openml.setups.setup.OpenMLSetup object at 0x1144ceb10>
284,8705904,146607,7707,<openml.setups.setup.OpenMLSetup object at 0x113329e90>
285,8699761,146607,7707,<openml.setups.setup.OpenMLSetup object at 0x117641bd0>
286,8811189,146607,7707,<openml.setups.setup.OpenMLSetup object at 0x1145e8e50>
287,8809111,146607,7707,<openml.setups.setup.OpenMLSetup object at 0x114471590>
288,8825019,146607,7707,<openml.setups.setup.OpenMLSetup object at 0x1144d6390>
289,8698748,146607,7707,<openml.setups.setup.OpenMLSetup object at 0x110a94350>
290,8830656,146607,7707,<openml.setups.setup.OpenMLSetup object at 0x113a89d90>
291,8832621,146607,7707,<openml.setups.setup.OpenMLSetup object at 0x113a7edd0>
292,8827074,146607,7707,<openml.setups.setup.OpenMLSetup object at 0x113a8c510>
293,8712070,146607,7707,<openml.setups.setup.OpenMLSetup object at 0x113c69950>
294,8698246,146607,7707,<openml.setups.setup.OpenMLSetup object at 0x110aaea10>
295,8698252,146607,7707,<openml.setups.setup.OpenMLSetup object at 0x110a8b250>
296,8805551,146607,7707,<openml.setups.setup.OpenMLSetup object at 0x114450bd0>
297,8847058,146607,7707,<openml.setups.setup.OpenMLSetup object at 0x1145a8210>
298,8814192,146607,7707,<openml.setups.setup.OpenMLSetup object at 0x1145cf750>
299,8828628,146607,7707,<openml.setups.setup.OpenMLSetup object at 0x113aa6550>
300,8711304,146607,7707,<openml.setups.setup.OpenMLSetup object at 0x113c66910>
301,8817370,146607,7707,<openml.setups.setup.OpenMLSetup object at 0x1145f8910>
302,8702365,146607,7707,<openml.setups.setup.OpenMLSetup object at 0x11335f5d0>
303,8827617,146607,7707,<openml.setups.setup.OpenMLSetup object at 0x113a8cd10>
304,8812260,146607,7707,<openml.setups.setup.OpenMLSetup object at 0x1145c56d0>
305,8806086,146607,7707,<openml.setups.setup.OpenMLSetup object at 0x114465c50>
306,8709033,146607,7707,<openml.setups.setup.OpenMLSetup object at 0x113c3e850>
307,8821995,146607,7707,<openml.setups.setup.OpenMLSetup object at 0x1144eca90>
308,8698283,146607,7707,<openml.setups.setup.OpenMLSetup object at 0x110aaa290>
309,8804564,146607,7707,<openml.setups.setup.OpenMLSetup object at 0x113f06a90>
310,8839412,146607,7707,<openml.setups.setup.OpenMLSetup object at 0x11456bf50>
311,8804568,146607,7707,<openml.setups.setup.OpenMLSetup object at 0x113f2c2d0>
312,8812282,146607,7707,<openml.setups.setup.OpenMLSetup object at 0x1145c5ed0>
313,8846441,146607,7707,<openml.setups.setup.OpenMLSetup object at 0x114577990>
314,8817404,146607,7707,<openml.setups.setup.OpenMLSetup object at 0x11460c150>
315,8817405,146607,7707,<openml.setups.setup.OpenMLSetup object at 0x11460c950>
316,8844031,146607,7707,<openml.setups.setup.OpenMLSetup object at 0x11458f950>
317,8697791,146607,7707,<openml.setups.setup.OpenMLSetup object at 0x113bc3110>
318,8700864,146607,7707,<openml.setups.setup.OpenMLSetup object at 0x117672cd0>
319,8846600,146607,7707,<openml.setups.setup.OpenMLSetup object at 0x11458d9d0>
320,8728241,146607,7707,<openml.setups.setup.OpenMLSetup object at 0x113f0f190>
321,8832780,146607,7707,<openml.setups.setup.OpenMLSetup object at 0x114541610>
322,8837389,146607,7707,<openml.setups.setup.OpenMLSetup object at 0x114570f10>
323,8708054,146607,7707,<openml.setups.setup.OpenMLSetup object at 0x113365790>
324,8811800,146607,7707,<openml.setups.setup.OpenMLSetup object at 0x1145b8690>
325,8708570,146607,7707,<openml.setups.setup.OpenMLSetup object at 0x113c5f7d0>
326,8730693,146607,7707,<openml.setups.setup.OpenMLSetup object at 0x113f309d0>
327,8805123,146607,7707,<openml.setups.setup.OpenMLSetup object at 0x11446d390>
328,8700901,146607,7707,<openml.setups.setup.OpenMLSetup object at 0x11765f510>
329,8813865,146607,7707,<openml.setups.setup.OpenMLSetup object at 0x1145b5f10>
330,8841520,146607,7707,<openml.setups.setup.OpenMLSetup object at 0x11454ffd0>
331,8843057,146607,7707,<openml.setups.setup.OpenMLSetup object at 0x1145aa110>
332,8804633,146607,7707,<openml.setups.setup.OpenMLSetup object at 0x113f2cad0>
333,8821052,146607,7707,<openml.setups.setup.OpenMLSetup object at 0x1144bf250>
334,8822914,146607,7707,<openml.setups.setup.OpenMLSetup object at 0x1144e9ad0>
335,8706284,146607,7707,<openml.setups.setup.OpenMLSetup object at 0x11332c6d0>
336,8825672,146607,7707,<openml.setups.setup.OpenMLSetup object at 0x113a79410>
337,8698435,146607,7707,<openml.setups.setup.OpenMLSetup object at 0x110aad2d0>
338,8814414,146607,7707,<openml.setups.setup.OpenMLSetup object at 0x1145e6f90>
339,8824656,146607,7707,<openml.setups.setup.OpenMLSetup object at 0x1144b3350>
340,8843606,146607,7707,<openml.setups.setup.OpenMLSetup object at 0x1145aa910>
341,8698390,146607,7707,<openml.setups.setup.OpenMLSetup object at 0x110aaaa90>
342,8830813,146607,7707,<openml.setups.setup.OpenMLSetup object at 0x113a7e5d0>
343,8697927,146607,7707,<openml.setups.setup.OpenMLSetup object at 0x113bc3910>
344,8817512,146607,7707,<openml.setups.setup.OpenMLSetup object at 0x114627190>
345,8840297,146607,7707,<openml.setups.setup.OpenMLSetup object at 0x114539790>
346,8817515,146607,7707,<openml.setups.setup.OpenMLSetup object at 0x114627990>
347,8815469,146607,7707,<openml.setups.setup.OpenMLSetup object at 0x114603050>
348,8804688,146607,7707,<openml.setups.setup.OpenMLSetup object at 0x113f19310>
349,8706610,146607,7707,<openml.setups.setup.OpenMLSetup object at 0x11332ced0>
350,8809816,146607,7707,<openml.setups.setup.OpenMLSetup object at 0x1145ba610>
351,8707129,146607,7707,<openml.setups.setup.OpenMLSetup object at 0x11332a710>
352,8698281,146607,7707,<openml.setups.setup.OpenMLSetup object at 0x110a8ba50>
353,8815490,146607,7707,<openml.setups.setup.OpenMLSetup object at 0x114603850>
354,8850744,146607,7707,<openml.setups.setup.OpenMLSetup object at 0x1145a8a10>
355,8825732,146607,7707,<openml.setups.setup.OpenMLSetup object at 0x113a79c10>
356,8804712,146607,7707,<openml.setups.setup.OpenMLSetup object at 0x113f19b10>
357,8825224,146607,7707,<openml.setups.setup.OpenMLSetup object at 0x1144d6b90>
358,8806254,146607,7707,<openml.setups.setup.OpenMLSetup object at 0x114441490>
359,8819941,146607,7707,<openml.setups.setup.OpenMLSetup object at 0x1144dc210>
360,8815510,146607,7707,<openml.setups.setup.OpenMLSetup object at 0x11462b090>
361,8821145,146607,7707,<openml.setups.setup.OpenMLSetup object at 0x1144bfa50>
362,8819098,146607,7707,<openml.setups.setup.OpenMLSetup object at 0x1144c41d0>
363,8804734,146607,7707,<openml.setups.setup.OpenMLSetup object at 0x113efe350>
364,8700509,146607,7707,<openml.setups.setup.OpenMLSetup object at 0x11765c450>
365,8697951,146607,7707,<openml.setups.setup.OpenMLSetup object at 0x113bf0150>
366,8836957,146607,7707,<openml.setups.setup.OpenMLSetup object at 0x114570710>
367,8811941,146607,7707,<openml.setups.setup.OpenMLSetup object at 0x1145b8e90>
368,8846466,146607,7707,<openml.setups.setup.OpenMLSetup object at 0x11458d1d0>
369,8815018,146607,7707,<openml.setups.setup.OpenMLSetup object at 0x114607fd0>
370,8704106,146607,7707,<openml.setups.setup.OpenMLSetup object at 0x11334ce10>
371,8834298,146607,7707,<openml.setups.setup.OpenMLSetup object at 0x114541e10>
372,8812463,146607,7707,<openml.setups.setup.OpenMLSetup object at 0x1145b5710>
373,8709746,146607,7707,<openml.setups.setup.OpenMLSetup object at 0x113c548d0>
374,8840435,146607,7707,<openml.setups.setup.OpenMLSetup object at 0x114539f90>
375,8826432,146607,7707,<openml.setups.setup.OpenMLSetup object at 0x113a7bc90>
376,8841654,146607,7707,<openml.setups.setup.OpenMLSetup object at 0x11456e810>
377,8701560,146607,7707,<openml.setups.setup.OpenMLSetup object at 0x117637550>
378,8841658,146607,7707,<openml.setups.setup.OpenMLSetup object at 0x114589050>
379,8814316,146607,7707,<openml.setups.setup.OpenMLSetup object at 0x1145e6790>
380,8705663,146607,7707,<openml.setups.setup.OpenMLSetup object at 0x113329690>
381,8708738,146607,7707,<openml.setups.setup.OpenMLSetup object at 0x113c5ffd0>
382,8843716,146607,7707,<openml.setups.setup.OpenMLSetup object at 0x11458f150>
383,8825286,146607,7707,<openml.setups.setup.OpenMLSetup object at 0x1144f23d0>
384,8805498,146607,7707,<openml.setups.setup.OpenMLSetup object at 0x1144503d0>
385,8806317,146607,7707,<openml.setups.setup.OpenMLSetup object at 0x114441c90>
386,8697998,146607,7707,<openml.setups.setup.OpenMLSetup object at 0x113bf0950>
387,8823249,146607,7707,<openml.setups.setup.OpenMLSetup object at 0x1144ce310>
388,8746706,146607,7707,<openml.setups.setup.OpenMLSetup object at 0x113f06290>
389,8825303,146607,7707,<openml.setups.setup.OpenMLSetup object at 0x1144f2bd0>
390,8809401,146607,7707,<openml.setups.setup.OpenMLSetup object at 0x114471d90>
391,8703130,146607,7707,<openml.setups.setup.OpenMLSetup object at 0x11334c610>
392,8806355,146607,7707,<openml.setups.setup.OpenMLSetup object at 0x11445e4d0>
393,8836068,146607,7707,<openml.setups.setup.OpenMLSetup object at 0x11455e650>
394,8826550,146607,7707,<openml.setups.setup.OpenMLSetup object at 0x113a8fcd0>
395,8820713,146607,7707,<openml.setups.setup.OpenMLSetup object at 0x1144dca10>
396,8817131,146607,7707,<openml.setups.setup.OpenMLSetup object at 0x11462b890>
397,8826353,146607,7707,<openml.setups.setup.OpenMLSetup object at 0x113a7b490>
398,8841714,146607,7707,<openml.setups.setup.OpenMLSetup object at 0x114589850>
399,8826291,146607,7707,<openml.setups.setup.OpenMLSetup object at 0x113a7ac50>
400,6145098,146607,6952,<openml.setups.setup.OpenMLSetup object at 0x1143d9f10>
401,6128907,146607,6952,<openml.setups.setup.OpenMLSetup object at 0x113e4d810>
402,6133328,146607,6952,<openml.setups.setup.OpenMLSetup object at 0x1143f7290>
403,6125584,146607,6952,<openml.setups.setup.OpenMLSetup object at 0x113e33990>
404,6126673,146607,6952,<openml.setups.setup.OpenMLSetup object at 0x113e6a350>
405,6137942,146607,6952,<openml.setups.setup.OpenMLSetup object at 0x114418150>
406,6157401,146607,6952,<openml.setups.setup.OpenMLSetup object at 0x114339150>
407,6131807,146607,6952,<openml.setups.setup.OpenMLSetup object at 0x115f39dd0>
408,6274998,146607,6952,<openml.setups.setup.OpenMLSetup object at 0x11431acd0>
409,6124503,146607,6952,<openml.setups.setup.OpenMLSetup object at 0x113da0d50>
410,7235602,146607,6952,<openml.setups.setup.OpenMLSetup object at 0x1143757d0>
411,6128455,146607,6952,<openml.setups.setup.OpenMLSetup object at 0x113e45210>
412,6128410,146607,6952,<openml.setups.setup.OpenMLSetup object at 0x113e6aa90>
413,6139513,146607,6952,<openml.setups.setup.OpenMLSetup object at 0x114680ad0>
414,6120255,146607,6952,<openml.setups.setup.OpenMLSetup object at 0x1144b07d0>
415,6120257,146607,6952,<openml.setups.setup.OpenMLSetup object at 0x1144b0f10>
416,6137984,146607,6952,<openml.setups.setup.OpenMLSetup object at 0x114418890>
417,6120261,146607,6952,<openml.setups.setup.OpenMLSetup object at 0x114477690>
418,6145157,146607,6952,<openml.setups.setup.OpenMLSetup object at 0x1143c6690>
419,7375916,146607,6952,<openml.setups.setup.OpenMLSetup object at 0x1143ac550>
420,6210138,146607,6952,<openml.setups.setup.OpenMLSetup object at 0x114310bd0>
421,6145162,146607,6952,<openml.setups.setup.OpenMLSetup object at 0x1143c6dd0>
422,6209685,146607,6952,<openml.setups.setup.OpenMLSetup object at 0x1142f85d0>
423,6158476,146607,6952,<openml.setups.setup.OpenMLSetup object at 0x11433fd50>
424,6129574,146607,6952,<openml.setups.setup.OpenMLSetup object at 0x115f1be10>
425,6120275,146607,6952,<openml.setups.setup.OpenMLSetup object at 0x114477dd0>
426,6132376,146607,6952,<openml.setups.setup.OpenMLSetup object at 0x1144138d0>
427,6130739,146607,6952,<openml.setups.setup.OpenMLSetup object at 0x115f30b90>
428,6132892,146607,6952,<openml.setups.setup.OpenMLSetup object at 0x11442b510>
429,6130747,146607,6952,<openml.setups.setup.OpenMLSetup object at 0x115f3d310>
430,6197932,146607,6952,<openml.setups.setup.OpenMLSetup object at 0x1142fae50>
431,6172333,146607,6952,<openml.setups.setup.OpenMLSetup object at 0x114353250>
432,6126220,146607,6952,<openml.setups.setup.OpenMLSetup object at 0x113e35e50>
433,6143143,146607,6952,<openml.setups.setup.OpenMLSetup object at 0x11468af50>
434,6129019,146607,6952,<openml.setups.setup.OpenMLSetup object at 0x113e4df50>
435,6131713,146607,6952,<openml.setups.setup.OpenMLSetup object at 0x115f42f10>
436,6142639,146607,6952,<openml.setups.setup.OpenMLSetup object at 0x114689210>
437,6120309,146607,6952,<openml.setups.setup.OpenMLSetup object at 0x114493550>
438,6131356,146607,6952,<openml.setups.setup.OpenMLSetup object at 0x115f481d0>
439,6130774,146607,6952,<openml.setups.setup.OpenMLSetup object at 0x115f3da50>
440,6148793,146607,6952,<openml.setups.setup.OpenMLSetup object at 0x1143e0ed0>
441,6123264,146607,6952,<openml.setups.setup.OpenMLSetup object at 0x113da6b10>
442,6144706,146607,6952,<openml.setups.setup.OpenMLSetup object at 0x1143d9090>
443,6125167,146607,6952,<openml.setups.setup.OpenMLSetup object at 0x113e5b390>
444,7306860,146607,6952,<openml.setups.setup.OpenMLSetup object at 0x11439e690>
445,6132230,146607,6952,<openml.setups.setup.OpenMLSetup object at 0x115f19a10>
446,6140117,146607,6952,<openml.setups.setup.OpenMLSetup object at 0x114684710>
447,6126275,146607,6952,<openml.setups.setup.OpenMLSetup object at 0x113e545d0>
448,6167782,146607,6952,<openml.setups.setup.OpenMLSetup object at 0x114336390>
449,6145248,146607,6952,<openml.setups.setup.OpenMLSetup object at 0x1143be550>
450,6323253,146607,6952,<openml.setups.setup.OpenMLSetup object at 0x1142fbb90>
451,6133343,146607,6952,<openml.setups.setup.OpenMLSetup object at 0x1143f79d0>
452,6125199,146607,6952,<openml.setups.setup.OpenMLSetup object at 0x113e5bad0>
453,6143204,146607,6952,<openml.setups.setup.OpenMLSetup object at 0x1146766d0>
454,6129620,146607,6952,<openml.setups.setup.OpenMLSetup object at 0x115f18590>
455,6129685,146607,6952,<openml.setups.setup.OpenMLSetup object at 0x115f18cd0>
456,6142696,146607,6952,<openml.setups.setup.OpenMLSetup object at 0x114689950>
457,6120363,146607,6952,<openml.setups.setup.OpenMLSetup object at 0x114493c90>
458,7931814,146607,6952,<openml.setups.setup.OpenMLSetup object at 0x11438d410>
459,6180597,146607,6952,<openml.setups.setup.OpenMLSetup object at 0x1142fa710>
460,6120366,146607,6952,<openml.setups.setup.OpenMLSetup object at 0x11447c410>
461,6123500,146607,6952,<openml.setups.setup.OpenMLSetup object at 0x113d969d0>
462,6157552,146607,6952,<openml.setups.setup.OpenMLSetup object at 0x114339890>
463,6167803,146607,6952,<openml.setups.setup.OpenMLSetup object at 0x114336ad0>
464,6141682,146607,6952,<openml.setups.setup.OpenMLSetup object at 0x1146a9350>
465,6120886,146607,6952,<openml.setups.setup.OpenMLSetup object at 0x113da8790>
466,6131958,146607,6952,<openml.setups.setup.OpenMLSetup object at 0x115f35550>
467,6120378,146607,6952,<openml.setups.setup.OpenMLSetup object at 0x11447cb50>
468,6175939,146607,6952,<openml.setups.setup.OpenMLSetup object at 0x114368110>
469,6138111,146607,6952,<openml.setups.setup.OpenMLSetup object at 0x114418fd0>
470,6120386,146607,6952,<openml.setups.setup.OpenMLSetup object at 0x1144952d0>
471,6722722,146607,6952,<openml.setups.setup.OpenMLSetup object at 0x114306310>
472,6125870,146607,6952,<openml.setups.setup.OpenMLSetup object at 0x113e3f110>
473,6121930,146607,6952,<openml.setups.setup.OpenMLSetup object at 0x113d7d510>
474,6148366,146607,6952,<openml.setups.setup.OpenMLSetup object at 0x1143e0050>
475,6133007,146607,6952,<openml.setups.setup.OpenMLSetup object at 0x11442bc50>
476,6166298,146607,6952,<openml.setups.setup.OpenMLSetup object at 0x114364c10>
477,6120407,146607,6952,<openml.setups.setup.OpenMLSetup object at 0x114495a10>
478,6141718,146607,6952,<openml.setups.setup.OpenMLSetup object at 0x1146a9a90>
479,6140695,146607,6952,<openml.setups.setup.OpenMLSetup object at 0x11468fd10>
480,6138139,146607,6952,<openml.setups.setup.OpenMLSetup object at 0x1143f8750>
481,6157596,146607,6952,<openml.setups.setup.OpenMLSetup object at 0x114339fd0>
482,6209832,146607,6952,<openml.setups.setup.OpenMLSetup object at 0x1142f8d10>
483,6177578,146607,6952,<openml.setups.setup.OpenMLSetup object at 0x114368f90>
484,7451337,146607,6952,<openml.setups.setup.OpenMLSetup object at 0x1143acc90>
485,6142756,146607,6952,<openml.setups.setup.OpenMLSetup object at 0x11468a0d0>
486,6140709,146607,6952,<openml.setups.setup.OpenMLSetup object at 0x1146ae490>
487,6139175,146607,6952,<openml.setups.setup.OpenMLSetup object at 0x114680390>
488,6121963,146607,6952,<openml.setups.setup.OpenMLSetup object at 0x113d7dc50>
489,6120431,146607,6952,<openml.setups.setup.OpenMLSetup object at 0x1144a5190>
490,6138159,146607,6952,<openml.setups.setup.OpenMLSetup object at 0x1143f8e90>
491,6139696,146607,6952,<openml.setups.setup.OpenMLSetup object at 0x1146ad250>
492,6132021,146607,6952,<openml.setups.setup.OpenMLSetup object at 0x115f35c90>
493,6139706,146607,6952,<openml.setups.setup.OpenMLSetup object at 0x1146ad990>
494,6222992,146607,6952,<openml.setups.setup.OpenMLSetup object at 0x11431cf50>
495,6143293,146607,6952,<openml.setups.setup.OpenMLSetup object at 0x114676e10>
496,6131519,146607,6952,<openml.setups.setup.OpenMLSetup object at 0x115f42090>
497,6125971,146607,6952,<openml.setups.setup.OpenMLSetup object at 0x113e3ff90>
498,6176080,146607,6952,<openml.setups.setup.OpenMLSetup object at 0x114368850>
499,6123589,146607,6952,<openml.setups.setup.OpenMLSetup object at 0x113d7a150>
500,6132042,146607,6952,<openml.setups.setup.OpenMLSetup object at 0x115f16410>
501,6124763,146607,6952,<openml.setups.setup.OpenMLSetup object at 0x113d9a4d0>
502,6123085,146607,6952,<openml.setups.setup.OpenMLSetup object at 0x113da63d0>
503,6125345,146607,6952,<openml.setups.setup.OpenMLSetup object at 0x113e33250>
504,6130373,146607,6952,<openml.setups.setup.OpenMLSetup object at 0x115f30450>
505,6734071,146607,6952,<openml.setups.setup.OpenMLSetup object at 0x114322910>
506,6143832,146607,6952,<openml.setups.setup.OpenMLSetup object at 0x1143b6450>
507,6124392,146607,6952,<openml.setups.setup.OpenMLSetup object at 0x113da0610>
508,6126420,146607,6952,<openml.setups.setup.OpenMLSetup object at 0x113e54d10>
509,6155621,146607,6952,<openml.setups.setup.OpenMLSetup object at 0x11434c290>
510,6120500,146607,6952,<openml.setups.setup.OpenMLSetup object at 0x1144a58d0>
511,6211544,146607,6952,<openml.setups.setup.OpenMLSetup object at 0x114331210>
512,6140790,146607,6952,<openml.setups.setup.OpenMLSetup object at 0x1146aebd0>
513,6124817,146607,6952,<openml.setups.setup.OpenMLSetup object at 0x113d9ac10>
514,6146940,146607,6952,<openml.setups.setup.OpenMLSetup object at 0x1143ceb50>
515,6153849,146607,6952,<openml.setups.setup.OpenMLSetup object at 0x114357b10>
516,6121025,146607,6952,<openml.setups.setup.OpenMLSetup object at 0x113da8ed0>
517,6138759,146607,6952,<openml.setups.setup.OpenMLSetup object at 0x1144214d0>
518,6132176,146607,6952,<openml.setups.setup.OpenMLSetup object at 0x115f192d0>
519,6121547,146607,6952,<openml.setups.setup.OpenMLSetup object at 0x113d8f650>
520,6131603,146607,6952,<openml.setups.setup.OpenMLSetup object at 0x115f427d0>
521,6132861,146607,6952,<openml.setups.setup.OpenMLSetup object at 0x11441dd90>
522,6124254,146607,6952,<openml.setups.setup.OpenMLSetup object at 0x113d7afd0>
523,6140316,146607,6952,<openml.setups.setup.OpenMLSetup object at 0x114684e50>
524,6147881,146607,6952,<openml.setups.setup.OpenMLSetup object at 0x1143e5a10>
525,6125936,146607,6952,<openml.setups.setup.OpenMLSetup object at 0x113e3f850>
526,6120040,146607,6952,<openml.setups.setup.OpenMLSetup object at 0x110b77a50>
527,6132647,146607,6952,<openml.setups.setup.OpenMLSetup object at 0x11442f790>
528,6213371,146607,6952,<openml.setups.setup.OpenMLSetup object at 0x11431c0d0>
529,6149549,146607,6952,<openml.setups.setup.OpenMLSetup object at 0x114351650>
530,6152629,146607,6952,<openml.setups.setup.OpenMLSetup object at 0x11433ac50>
531,6131498,146607,6952,<openml.setups.setup.OpenMLSetup object at 0x115f48910>
532,6214410,146607,6952,<openml.setups.setup.OpenMLSetup object at 0x11431c810>
533,6132152,146607,6952,<openml.setups.setup.OpenMLSetup object at 0x115f16b50>
534,6174148,146607,6952,<openml.setups.setup.OpenMLSetup object at 0x114353990>
535,6158297,146607,6952,<openml.setups.setup.OpenMLSetup object at 0x114370e90>
536,6124297,146607,6952,<openml.setups.setup.OpenMLSetup object at 0x113db0750>
537,6261525,146607,6952,<openml.setups.setup.OpenMLSetup object at 0x114301e10>
538,6120177,146607,6952,<openml.setups.setup.OpenMLSetup object at 0x1144b0090>
539,6144451,146607,6952,<openml.setups.setup.OpenMLSetup object at 0x1143df310>
540,6124302,146607,6952,<openml.setups.setup.OpenMLSetup object at 0x113db0e90>
541,7374186,146607,6952,<openml.setups.setup.OpenMLSetup object at 0x11439edd0>
542,6126529,146607,6952,<openml.setups.setup.OpenMLSetup object at 0x113e4a490>
543,6729575,146607,6952,<openml.setups.setup.OpenMLSetup object at 0x1143221d0>
544,6145482,146607,6952,<openml.setups.setup.OpenMLSetup object at 0x1143bec90>
545,6120077,146607,6952,<openml.setups.setup.OpenMLSetup object at 0x1144731d0>
546,6246177,146607,6952,<openml.setups.setup.OpenMLSetup object at 0x1143016d0>
547,6142928,146607,6952,<openml.setups.setup.OpenMLSetup object at 0x11468a810>
548,6132689,146607,6952,<openml.setups.setup.OpenMLSetup object at 0x11442fed0>
549,6139859,146607,6952,<openml.setups.setup.OpenMLSetup object at 0x114697110>
550,6138325,146607,6952,<openml.setups.setup.OpenMLSetup object at 0x114408610>
551,6126547,146607,6952,<openml.setups.setup.OpenMLSetup object at 0x113e4abd0>
552,6144472,146607,6952,<openml.setups.setup.OpenMLSetup object at 0x1143dfa50>
553,6210019,146607,6952,<openml.setups.setup.OpenMLSetup object at 0x114310490>
554,6301917,146607,6952,<openml.setups.setup.OpenMLSetup object at 0x1142fb450>
555,6211665,146607,6952,<openml.setups.setup.OpenMLSetup object at 0x114331950>
556,6126053,146607,6952,<openml.setups.setup.OpenMLSetup object at 0x113e35710>
557,6138852,146607,6952,<openml.setups.setup.OpenMLSetup object at 0x114421c10>
558,6133221,146607,6952,<openml.setups.setup.OpenMLSetup object at 0x1144163d0>
559,6211469,146607,6952,<openml.setups.setup.OpenMLSetup object at 0x114307a90>
560,6263099,146607,6952,<openml.setups.setup.OpenMLSetup object at 0x11431a590>
561,6155754,146607,6952,<openml.setups.setup.OpenMLSetup object at 0x11434c9d0>
562,6138347,146607,6952,<openml.setups.setup.OpenMLSetup object at 0x114408d50>
563,6210198,146607,6952,<openml.setups.setup.OpenMLSetup object at 0x114307350>
564,6139889,146607,6952,<openml.setups.setup.OpenMLSetup object at 0x114697850>
565,6144501,146607,6952,<openml.setups.setup.OpenMLSetup object at 0x1143da1d0>
566,6147954,146607,6952,<openml.setups.setup.OpenMLSetup object at 0x1143d1190>
567,6128815,146607,6952,<openml.setups.setup.OpenMLSetup object at 0x113e45950>
568,6143997,146607,6952,<openml.setups.setup.OpenMLSetup object at 0x1143b6b90>
569,6153729,146607,6952,<openml.setups.setup.OpenMLSetup object at 0x1143573d0>
570,6143491,146607,6952,<openml.setups.setup.OpenMLSetup object at 0x114679590>
571,6157626,146607,6952,<openml.setups.setup.OpenMLSetup object at 0x114370750>
572,6147077,146607,6952,<openml.setups.setup.OpenMLSetup object at 0x1143e52d0>
573,6139910,146607,6952,<openml.setups.setup.OpenMLSetup object at 0x114697f90>
574,6148752,146607,6952,<openml.setups.setup.OpenMLSetup object at 0x1143e0790>
575,6131721,146607,6952,<openml.setups.setup.OpenMLSetup object at 0x115f39690>
576,6132236,146607,6952,<openml.setups.setup.OpenMLSetup object at 0x114413190>
577,6160407,146607,6952,<openml.setups.setup.OpenMLSetup object at 0x1143644d0>
578,6148241,146607,6952,<openml.setups.setup.OpenMLSetup object at 0x1143d18d0>
579,6140432,146607,6952,<openml.setups.setup.OpenMLSetup object at 0x11468f5d0>
580,6132455,146607,6952,<openml.setups.setup.OpenMLSetup object at 0x11442f050>
581,6158357,146607,6952,<openml.setups.setup.OpenMLSetup object at 0x11433f610>
582,6144540,146607,6952,<openml.setups.setup.OpenMLSetup object at 0x1143da910>
583,6723721,146607,6952,<openml.setups.setup.OpenMLSetup object at 0x114306a50>
584,6123296,146607,6952,<openml.setups.setup.OpenMLSetup object at 0x113d96290>
585,6143808,146607,6952,<openml.setups.setup.OpenMLSetup object at 0x114679cd0>
586,6145577,146607,6952,<openml.setups.setup.OpenMLSetup object at 0x1143ce410>
587,6120174,146607,6952,<openml.setups.setup.OpenMLSetup object at 0x114473910>
588,6145071,146607,6952,<openml.setups.setup.OpenMLSetup object at 0x1143d97d0>
589,6737873,146607,6952,<openml.setups.setup.OpenMLSetup object at 0x114375090>
590,6128837,146607,6952,<openml.setups.setup.OpenMLSetup object at 0x113e4d0d0>
591,6123830,146607,6952,<openml.setups.setup.OpenMLSetup object at 0x113d7a890>
592,6121723,146607,6952,<openml.setups.setup.OpenMLSetup object at 0x113d8fd90>
593,6120700,146607,6952,<openml.setups.setup.OpenMLSetup object at 0x113da8050>
594,6133308,146607,6952,<openml.setups.setup.OpenMLSetup object at 0x114416b10>
595,6132797,146607,6952,<openml.setups.setup.OpenMLSetup object at 0x11441d650>
596,7279074,146607,6952,<openml.setups.setup.OpenMLSetup object at 0x114375f10>
597,6149593,146607,6952,<openml.setups.setup.OpenMLSetup object at 0x114351d90>
598,6151744,146607,6952,<openml.setups.setup.OpenMLSetup object at 0x11433a510>
599,6129481,146607,6952,<openml.setups.setup.OpenMLSetup object at 0x115f1b6d0>
600,6123171,146607,7103,<openml.setups.setup.OpenMLSetup object at 0x1137913d0>
601,6123140,146607,7103,<openml.setups.setup.OpenMLSetup object at 0x10a7c85d0>
602,6118236,146607,6969,<openml.setups.setup.OpenMLSetup object at 0x1155c3e90>
603,6118668,146607,6969,<openml.setups.setup.OpenMLSetup object at 0x1155f6c50>
604,6119181,146607,6969,<openml.setups.setup.OpenMLSetup object at 0x115639950>
605,6117135,146607,6969,<openml.setups.setup.OpenMLSetup object at 0x115530d50>
606,6117648,146607,6969,<openml.setups.setup.OpenMLSetup object at 0x1155851d0>
607,6118161,146607,6969,<openml.setups.setup.OpenMLSetup object at 0x1155bd710>
608,6116114,146607,6969,<openml.setups.setup.OpenMLSetup object at 0x115232350>
609,6119190,146607,6969,<openml.setups.setup.OpenMLSetup object at 0x11563f150>
610,6117144,146607,6969,<openml.setups.setup.OpenMLSetup object at 0x115536550>
611,6117147,146607,6969,<openml.setups.setup.OpenMLSetup object at 0x115536d10>
612,6115613,146607,6969,<openml.setups.setup.OpenMLSetup object at 0x115205550>
613,6116127,146607,6969,<openml.setups.setup.OpenMLSetup object at 0x115232b10>
614,6117665,146607,6969,<openml.setups.setup.OpenMLSetup object at 0x115585990>
615,6119202,146607,6969,<openml.setups.setup.OpenMLSetup object at 0x11563f910>
616,6116960,146607,6969,<openml.setups.setup.OpenMLSetup object at 0x11550e710>
617,6118180,146607,6969,<openml.setups.setup.OpenMLSetup object at 0x1155bded0>
618,6118693,146607,6969,<openml.setups.setup.OpenMLSetup object at 0x1155fb450>
619,6116646,146607,6969,<openml.setups.setup.OpenMLSetup object at 0x1154f8050>
620,6116137,146607,6969,<openml.setups.setup.OpenMLSetup object at 0x115237310>
621,6119180,146607,6969,<openml.setups.setup.OpenMLSetup object at 0x115639190>
622,6116149,146607,6969,<openml.setups.setup.OpenMLSetup object at 0x115237ad0>
623,6116662,146607,6969,<openml.setups.setup.OpenMLSetup object at 0x1154f8810>
624,6117178,146607,6969,<openml.setups.setup.OpenMLSetup object at 0x11553b510>
625,6117647,146607,6969,<openml.setups.setup.OpenMLSetup object at 0x11557f9d0>
626,6118720,146607,6969,<openml.setups.setup.OpenMLSetup object at 0x1155fbc10>
627,6115941,146607,6969,<openml.setups.setup.OpenMLSetup object at 0x11521bc10>
628,6117704,146607,6969,<openml.setups.setup.OpenMLSetup object at 0x11558a950>
629,6115661,146607,6969,<openml.setups.setup.OpenMLSetup object at 0x115205d10>
630,6117711,146607,6969,<openml.setups.setup.OpenMLSetup object at 0x115590150>
631,6118231,146607,6969,<openml.setups.setup.OpenMLSetup object at 0x1155c36d0>
632,6118748,146607,6969,<openml.setups.setup.OpenMLSetup object at 0x115601410>
633,6118749,146607,6969,<openml.setups.setup.OpenMLSetup object at 0x115601bd0>
634,6117214,146607,6969,<openml.setups.setup.OpenMLSetup object at 0x11553bcd0>
635,6118758,146607,6969,<openml.setups.setup.OpenMLSetup object at 0x1156073d0>
636,6117737,146607,6969,<openml.setups.setup.OpenMLSetup object at 0x115590910>
637,6116206,146607,6969,<openml.setups.setup.OpenMLSetup object at 0x11523d2d0>
638,6118768,146607,6969,<openml.setups.setup.OpenMLSetup object at 0x115607b90>
639,6115185,146607,6969,<openml.setups.setup.OpenMLSetup object at 0x11342bad0>
640,6119283,146607,6969,<openml.setups.setup.OpenMLSetup object at 0x1156458d0>
641,6118261,146607,6969,<openml.setups.setup.OpenMLSetup object at 0x1155c8690>
642,6117055,146607,6969,<openml.setups.setup.OpenMLSetup object at 0x115519e50>
643,6118264,146607,6969,<openml.setups.setup.OpenMLSetup object at 0x1155c8e50>
644,6116889,146607,6969,<openml.setups.setup.OpenMLSetup object at 0x115503790>
645,6115981,146607,6969,<openml.setups.setup.OpenMLSetup object at 0x115221410>
646,6116219,146607,6969,<openml.setups.setup.OpenMLSetup object at 0x11523da90>
647,6115711,146607,6969,<openml.setups.setup.OpenMLSetup object at 0x11520a510>
648,6118784,146607,6969,<openml.setups.setup.OpenMLSetup object at 0x11560c390>
649,6119365,146607,6969,<openml.setups.setup.OpenMLSetup object at 0x115650850>
650,6115521,146607,6969,<openml.setups.setup.OpenMLSetup object at 0x1151f4dd0>
651,6119302,146607,6969,<openml.setups.setup.OpenMLSetup object at 0x11564a0d0>
652,6115210,146607,6969,<openml.setups.setup.OpenMLSetup object at 0x1151d2790>
653,6116236,146607,6969,<openml.setups.setup.OpenMLSetup object at 0x1154c5290>
654,6117261,146607,6969,<openml.setups.setup.OpenMLSetup object at 0x1155414d0>
655,6117264,146607,6969,<openml.setups.setup.OpenMLSetup object at 0x115541c90>
656,6117777,146607,6969,<openml.setups.setup.OpenMLSetup object at 0x115596110>
657,6115218,146607,6969,<openml.setups.setup.OpenMLSetup object at 0x1151d2f50>
658,6117269,146607,6969,<openml.setups.setup.OpenMLSetup object at 0x115547490>
659,6115734,146607,6969,<openml.setups.setup.OpenMLSetup object at 0x11520acd0>
660,6117784,146607,6969,<openml.setups.setup.OpenMLSetup object at 0x1155968d0>
661,6115273,146607,6969,<openml.setups.setup.OpenMLSetup object at 0x1151dd710>
662,6119324,146607,6969,<openml.setups.setup.OpenMLSetup object at 0x11564a890>
663,6118305,146607,6969,<openml.setups.setup.OpenMLSetup object at 0x1155cee10>
664,6116771,146607,6969,<openml.setups.setup.OpenMLSetup object at 0x1154f8fd0>
665,6118309,146607,6969,<openml.setups.setup.OpenMLSetup object at 0x1155d4610>
666,6115242,146607,6969,<openml.setups.setup.OpenMLSetup object at 0x1151d8750>
667,6116300,146607,6969,<openml.setups.setup.OpenMLSetup object at 0x1154d61d0>
668,6116268,146607,6969,<openml.setups.setup.OpenMLSetup object at 0x1154caa10>
669,6116271,146607,6969,<openml.setups.setup.OpenMLSetup object at 0x1154d0210>
670,6118329,146607,6969,<openml.setups.setup.OpenMLSetup object at 0x1155d4dd0>
671,6118331,146607,6969,<openml.setups.setup.OpenMLSetup object at 0x1155d95d0>
672,6116288,146607,6969,<openml.setups.setup.OpenMLSetup object at 0x1154d09d0>
673,6117413,146607,6969,<openml.setups.setup.OpenMLSetup object at 0x115552bd0>
674,6115269,146607,6969,<openml.setups.setup.OpenMLSetup object at 0x1151d8f10>
675,6116809,146607,6969,<openml.setups.setup.OpenMLSetup object at 0x1154fd7d0>
676,6117324,146607,6969,<openml.setups.setup.OpenMLSetup object at 0x11554c450>
677,6117415,146607,6969,<openml.setups.setup.OpenMLSetup object at 0x1155583d0>
678,6117845,146607,6969,<openml.setups.setup.OpenMLSetup object at 0x11559b0d0>
679,6117847,146607,6969,<openml.setups.setup.OpenMLSetup object at 0x11559b890>
680,6115199,146607,6969,<openml.setups.setup.OpenMLSetup object at 0x11342b790>
681,6118881,146607,6969,<openml.setups.setup.OpenMLSetup object at 0x115612350>
682,6117863,146607,6969,<openml.setups.setup.OpenMLSetup object at 0x1155a1090>
683,6115304,146607,6969,<openml.setups.setup.OpenMLSetup object at 0x1151dded0>
684,6115457,146607,6969,<openml.setups.setup.OpenMLSetup object at 0x1151ee650>
685,6117867,146607,6969,<openml.setups.setup.OpenMLSetup object at 0x1155a1850>
686,6115309,146607,6969,<openml.setups.setup.OpenMLSetup object at 0x1151e36d0>
687,6118894,146607,6969,<openml.setups.setup.OpenMLSetup object at 0x115612b10>
688,6115311,146607,6969,<openml.setups.setup.OpenMLSetup object at 0x1151e3e90>
689,6118897,146607,6969,<openml.setups.setup.OpenMLSetup object at 0x115617310>
690,6118898,146607,6969,<openml.setups.setup.OpenMLSetup object at 0x115617ad0>
691,6116855,146607,6969,<openml.setups.setup.OpenMLSetup object at 0x1154fdf90>
692,6118905,146607,6969,<openml.setups.setup.OpenMLSetup object at 0x11561d2d0>
693,6115844,146607,6969,<openml.setups.setup.OpenMLSetup object at 0x1152104d0>
694,6119430,146607,6969,<openml.setups.setup.OpenMLSetup object at 0x115656050>
695,6116037,146607,6969,<openml.setups.setup.OpenMLSetup object at 0x11522c390>
696,6118927,146607,6969,<openml.setups.setup.OpenMLSetup object at 0x11561da90>
697,6117394,146607,6969,<openml.setups.setup.OpenMLSetup object at 0x11554cc10>
698,6115859,146607,6969,<openml.setups.setup.OpenMLSetup object at 0x115210c90>
699,6117401,146607,6969,<openml.setups.setup.OpenMLSetup object at 0x115552410>
700,6116916,146607,6969,<openml.setups.setup.OpenMLSetup object at 0x115503f50>
701,6115356,146607,6969,<openml.setups.setup.OpenMLSetup object at 0x1151e8690>
702,6117572,146607,6969,<openml.setups.setup.OpenMLSetup object at 0x115574290>
703,6119474,146607,6969,<openml.setups.setup.OpenMLSetup object at 0x115656fd0>
704,6119461,146607,6969,<openml.setups.setup.OpenMLSetup object at 0x115656810>
705,6117686,146607,6969,<openml.setups.setup.OpenMLSetup object at 0x11558a190>
706,6116396,146607,6969,<openml.setups.setup.OpenMLSetup object at 0x1154d6990>
707,6118447,146607,6969,<openml.setups.setup.OpenMLSetup object at 0x1155d9d90>
708,6116493,146607,6969,<openml.setups.setup.OpenMLSetup object at 0x1154ec0d0>
709,6118450,146607,6969,<openml.setups.setup.OpenMLSetup object at 0x1155df590>
710,6115891,146607,6969,<openml.setups.setup.OpenMLSetup object at 0x115216490>
711,6118964,146607,6969,<openml.setups.setup.OpenMLSetup object at 0x115623290>
712,6117943,146607,6969,<openml.setups.setup.OpenMLSetup object at 0x1155a7050>
713,6116930,146607,6969,<openml.setups.setup.OpenMLSetup object at 0x115509750>
714,6117443,146607,6969,<openml.setups.setup.OpenMLSetup object at 0x115558b90>
715,6119492,146607,6969,<openml.setups.setup.OpenMLSetup object at 0x11565b7d0>
716,6115910,146607,6969,<openml.setups.setup.OpenMLSetup object at 0x115216c50>
717,6117447,146607,6969,<openml.setups.setup.OpenMLSetup object at 0x11555d390>
718,6117448,146607,6969,<openml.setups.setup.OpenMLSetup object at 0x11555db50>
719,6117449,146607,6969,<openml.setups.setup.OpenMLSetup object at 0x115563350>
720,6115408,146607,6969,<openml.setups.setup.OpenMLSetup object at 0x1151e8e50>
721,6116946,146607,6969,<openml.setups.setup.OpenMLSetup object at 0x115509f10>
722,6117011,146607,6969,<openml.setups.setup.OpenMLSetup object at 0x1155146d0>
723,6119511,146607,6969,<openml.setups.setup.OpenMLSetup object at 0x11565bf90>
724,6119514,146607,6969,<openml.setups.setup.OpenMLSetup object at 0x115661790>
725,6118492,146607,6969,<openml.setups.setup.OpenMLSetup object at 0x1155dfd50>
726,6117983,146607,6969,<openml.setups.setup.OpenMLSetup object at 0x1155a7810>
727,6115936,146607,6969,<openml.setups.setup.OpenMLSetup object at 0x11521b450>
728,6116449,146607,6969,<openml.setups.setup.OpenMLSetup object at 0x1154db190>
729,6119010,146607,6969,<openml.setups.setup.OpenMLSetup object at 0x115623a50>
730,6118501,146607,6969,<openml.setups.setup.OpenMLSetup object at 0x1155e5d10>
731,6116455,146607,6969,<openml.setups.setup.OpenMLSetup object at 0x1154db950>
732,6117480,146607,6969,<openml.setups.setup.OpenMLSetup object at 0x115563b10>
733,6116457,146607,6969,<openml.setups.setup.OpenMLSetup object at 0x1154e1150>
734,6116458,146607,6969,<openml.setups.setup.OpenMLSetup object at 0x1154e1910>
735,6117612,146607,6969,<openml.setups.setup.OpenMLSetup object at 0x115579250>
736,6119532,146607,6969,<openml.setups.setup.OpenMLSetup object at 0x115661f50>
737,6116975,146607,6969,<openml.setups.setup.OpenMLSetup object at 0x11550eed0>
738,6116464,146607,6969,<openml.setups.setup.OpenMLSetup object at 0x1154e7110>
739,6118004,146607,6969,<openml.setups.setup.OpenMLSetup object at 0x1155a7fd0>
740,6116470,146607,6969,<openml.setups.setup.OpenMLSetup object at 0x1154e78d0>
741,6119546,146607,6969,<openml.setups.setup.OpenMLSetup object at 0x115667750>
742,6119553,146607,6969,<openml.setups.setup.OpenMLSetup object at 0x115667f10>
743,6118496,146607,6969,<openml.setups.setup.OpenMLSetup object at 0x1155e5550>
744,6118531,146607,6969,<openml.setups.setup.OpenMLSetup object at 0x1155ea510>
745,6119560,146607,6969,<openml.setups.setup.OpenMLSetup object at 0x11566c710>
746,6115465,146607,6969,<openml.setups.setup.OpenMLSetup object at 0x1151eee10>
747,6118027,146607,6969,<openml.setups.setup.OpenMLSetup object at 0x1155ac7d0>
748,6119565,146607,6969,<openml.setups.setup.OpenMLSetup object at 0x11566ced0>
749,6115982,146607,6969,<openml.setups.setup.OpenMLSetup object at 0x115221bd0>
750,6116246,146607,6969,<openml.setups.setup.OpenMLSetup object at 0x1154c5a50>
751,6119569,146607,6969,<openml.setups.setup.OpenMLSetup object at 0x1156726d0>
752,6119059,146607,6969,<openml.setups.setup.OpenMLSetup object at 0x115628250>
753,6117527,146607,6969,<openml.setups.setup.OpenMLSetup object at 0x115568310>
754,6115480,146607,6969,<openml.setups.setup.OpenMLSetup object at 0x1151f4610>
755,6118293,146607,6969,<openml.setups.setup.OpenMLSetup object at 0x1155ce650>
756,6117530,146607,6969,<openml.setups.setup.OpenMLSetup object at 0x115568ad0>
757,6117108,146607,6969,<openml.setups.setup.OpenMLSetup object at 0x11552a5d0>
758,6117022,146607,6969,<openml.setups.setup.OpenMLSetup object at 0x115514e90>
759,6117539,146607,6969,<openml.setups.setup.OpenMLSetup object at 0x11556e2d0>
760,6118564,146607,6969,<openml.setups.setup.OpenMLSetup object at 0x1155eacd0>
761,6116005,146607,6969,<openml.setups.setup.OpenMLSetup object at 0x1152273d0>
762,6119078,146607,6969,<openml.setups.setup.OpenMLSetup object at 0x115628a10>
763,6118570,146607,6969,<openml.setups.setup.OpenMLSetup object at 0x1155f04d0>
764,6119083,146607,6969,<openml.setups.setup.OpenMLSetup object at 0x11562e210>
765,6116524,146607,6969,<openml.setups.setup.OpenMLSetup object at 0x1154ec890>
766,6117552,146607,6969,<openml.setups.setup.OpenMLSetup object at 0x11556ea90>
767,6119245,146607,6969,<openml.setups.setup.OpenMLSetup object at 0x115645110>
768,6118578,146607,6969,<openml.setups.setup.OpenMLSetup object at 0x1155f0c90>
769,6116024,146607,6969,<openml.setups.setup.OpenMLSetup object at 0x115227b90>
770,6116538,146607,6969,<openml.setups.setup.OpenMLSetup object at 0x1154f2090>
771,6117051,146607,6969,<openml.setups.setup.OpenMLSetup object at 0x115519690>
772,6115578,146607,6969,<openml.setups.setup.OpenMLSetup object at 0x1151ffd50>
773,6116543,146607,6969,<openml.setups.setup.OpenMLSetup object at 0x1154f2850>
774,6118080,146607,6969,<openml.setups.setup.OpenMLSetup object at 0x1155acf90>
775,6118821,146607,6969,<openml.setups.setup.OpenMLSetup object at 0x11560cb50>
776,6117059,146607,6969,<openml.setups.setup.OpenMLSetup object at 0x11551f650>
777,6118084,146607,6969,<openml.setups.setup.OpenMLSetup object at 0x1155b2790>
778,6117061,146607,6969,<openml.setups.setup.OpenMLSetup object at 0x11551fe10>
779,6117063,146607,6969,<openml.setups.setup.OpenMLSetup object at 0x115525610>
780,6116041,146607,6969,<openml.setups.setup.OpenMLSetup object at 0x11522cb50>
781,6118093,146607,6969,<openml.setups.setup.OpenMLSetup object at 0x1155b2f50>
782,6115534,146607,6969,<openml.setups.setup.OpenMLSetup object at 0x1151f95d0>
783,6119635,146607,6969,<openml.setups.setup.OpenMLSetup object at 0x115672e90>
784,6118617,146607,6969,<openml.setups.setup.OpenMLSetup object at 0x1155f6490>
785,6118106,146607,6969,<openml.setups.setup.OpenMLSetup object at 0x1155b8750>
786,6119644,146607,6969,<openml.setups.setup.OpenMLSetup object at 0x115677690>
787,6116266,146607,6969,<openml.setups.setup.OpenMLSetup object at 0x1154ca250>
788,6119136,146607,6969,<openml.setups.setup.OpenMLSetup object at 0x11562e9d0>
789,6115558,146607,6969,<openml.setups.setup.OpenMLSetup object at 0x1151f9d90>
790,6117610,146607,6969,<openml.setups.setup.OpenMLSetup object at 0x115574a50>
791,6119340,146607,6969,<openml.setups.setup.OpenMLSetup object at 0x115650090>
792,6119148,146607,6969,<openml.setups.setup.OpenMLSetup object at 0x1156341d0>
793,6115568,146607,6969,<openml.setups.setup.OpenMLSetup object at 0x1151ff590>
794,6117105,146607,6969,<openml.setups.setup.OpenMLSetup object at 0x115525dd0>
795,6117620,146607,6969,<openml.setups.setup.OpenMLSetup object at 0x115579a10>
796,6119157,146607,6969,<openml.setups.setup.OpenMLSetup object at 0x115634990>
797,6117626,146607,6969,<openml.setups.setup.OpenMLSetup object at 0x11557f210>
798,6117295,146607,6969,<openml.setups.setup.OpenMLSetup object at 0x115547c50>
799,6117118,146607,6969,<openml.setups.setup.OpenMLSetup object at 0x11552ad90>
800,6117122,146607,6969,<openml.setups.setup.OpenMLSetup object at 0x115530590>
801,6118147,146607,6969,<openml.setups.setup.OpenMLSetup object at 0x1155b8f10>
802,8963093,146607,8330,<openml.setups.setup.OpenMLSetup object at 0x1137c8410>
803,8978983,146607,8330,<openml.setups.setup.OpenMLSetup object at 0x114a23e10>
804,8992323,146607,8330,<openml.setups.setup.OpenMLSetup object at 0x114a58f10>
805,8979508,146607,8330,<openml.setups.setup.OpenMLSetup object at 0x114e8df10>
806,8978485,146607,8330,<openml.setups.setup.OpenMLSetup object at 0x114a0f550>
807,8977475,146607,8330,<openml.setups.setup.OpenMLSetup object at 0x114944bd0>
808,8976966,146607,8330,<openml.setups.setup.OpenMLSetup object at 0x11492fb10>
809,8980552,146607,8330,<openml.setups.setup.OpenMLSetup object at 0x114ea1fd0>
810,8978508,146607,8330,<openml.setups.setup.OpenMLSetup object at 0x114a0fd50>
811,8963645,146607,8330,<openml.setups.setup.OpenMLSetup object at 0x116530810>
812,8979023,146607,8330,<openml.setups.setup.OpenMLSetup object at 0x114a29650>
813,8989797,146607,8330,<openml.setups.setup.OpenMLSetup object at 0x114991590>
814,8979541,146607,8330,<openml.setups.setup.OpenMLSetup object at 0x114e92750>
815,8989292,146607,8330,<openml.setups.setup.OpenMLSetup object at 0x11498b550>
816,8963146,146607,8330,<openml.setups.setup.OpenMLSetup object at 0x1137c8350>
817,8984165,146607,8330,<openml.setups.setup.OpenMLSetup object at 0x11495b390>
818,8963669,146607,8330,<openml.setups.setup.OpenMLSetup object at 0x116528050>
819,8984173,146607,8330,<openml.setups.setup.OpenMLSetup object at 0x11495bb90>
820,8976505,146607,8330,<openml.setups.setup.OpenMLSetup object at 0x114929ad0>
821,8981628,146607,8330,<openml.setups.setup.OpenMLSetup object at 0x114eb4890>
822,8983173,146607,8330,<openml.setups.setup.OpenMLSetup object at 0x1148eb1d0>
823,8971906,146607,8330,<openml.setups.setup.OpenMLSetup object at 0x116503990>
824,8983179,146607,8330,<openml.setups.setup.OpenMLSetup object at 0x1148eb9d0>
825,8980114,146607,8330,<openml.setups.setup.OpenMLSetup object at 0x114ea17d0>
826,8976023,146607,8330,<openml.setups.setup.OpenMLSetup object at 0x11491a250>
827,8975001,146607,8330,<openml.setups.setup.OpenMLSetup object at 0x11653b9d0>
828,8977051,146607,8330,<openml.setups.setup.OpenMLSetup object at 0x114936350>
829,8983201,146607,8330,<openml.setups.setup.OpenMLSetup object at 0x1148f2210>
830,8979622,146607,8330,<openml.setups.setup.OpenMLSetup object at 0x114e92f50>
831,8991939,146607,8330,<openml.setups.setup.OpenMLSetup object at 0x114a53ed0>
832,8983729,146607,8330,<openml.setups.setup.OpenMLSetup object at 0x114900a90>
833,8990920,146607,8330,<openml.setups.setup.OpenMLSetup object at 0x114a45650>
834,8977073,146607,8330,<openml.setups.setup.OpenMLSetup object at 0x114936b50>
835,8977126,146607,8330,<openml.setups.setup.OpenMLSetup object at 0x11493e390>
836,8979130,146607,8330,<openml.setups.setup.OpenMLSetup object at 0x114a30690>
837,8979090,146607,8330,<openml.setups.setup.OpenMLSetup object at 0x114a29e50>
838,8982937,146607,8330,<openml.setups.setup.OpenMLSetup object at 0x1148dc950>
839,8983248,146607,8330,<openml.setups.setup.OpenMLSetup object at 0x1148f2a10>
840,9202531,146607,8330,<openml.setups.setup.OpenMLSetup object at 0x114a6c7d0>
841,8978129,146607,8330,<openml.setups.setup.OpenMLSetup object at 0x1149f3450>
842,9203053,146607,8330,<openml.setups.setup.OpenMLSetup object at 0x1149d9090>
843,8989945,146607,8330,<openml.setups.setup.OpenMLSetup object at 0x114991d90>
844,8962770,146607,8330,<openml.setups.setup.OpenMLSetup object at 0x1171cc150>
845,8983272,146607,8330,<openml.setups.setup.OpenMLSetup object at 0x1148f8250>
846,8963798,146607,8330,<openml.setups.setup.OpenMLSetup object at 0x116528850>
847,8982247,146607,8330,<openml.setups.setup.OpenMLSetup object at 0x114ebb8d0>
848,8983287,146607,8330,<openml.setups.setup.OpenMLSetup object at 0x1148f8a50>
849,8979189,146607,8330,<openml.setups.setup.OpenMLSetup object at 0x114a30e90>
850,8990991,146607,8330,<openml.setups.setup.OpenMLSetup object at 0x114a45e50>
851,8982268,146607,8330,<openml.setups.setup.OpenMLSetup object at 0x1148d7110>
852,8978688,146607,8330,<openml.setups.setup.OpenMLSetup object at 0x114a17590>
853,8982787,146607,8330,<openml.setups.setup.OpenMLSetup object at 0x1148d7910>
854,8987229,146607,8330,<openml.setups.setup.OpenMLSetup object at 0x114967410>
855,8976145,146607,8330,<openml.setups.setup.OpenMLSetup object at 0x11491aa50>
856,8977170,146607,8330,<openml.setups.setup.OpenMLSetup object at 0x11493eb90>
857,8978197,146607,8330,<openml.setups.setup.OpenMLSetup object at 0x1149f3c50>
858,8991030,146607,8330,<openml.setups.setup.OpenMLSetup object at 0x114a4c690>
859,9202399,146607,8330,<openml.setups.setup.OpenMLSetup object at 0x114a66f90>
860,8991034,146607,8330,<openml.setups.setup.OpenMLSetup object at 0x114a4ce90>
861,8979236,146607,8330,<openml.setups.setup.OpenMLSetup object at 0x114e856d0>
862,8983851,146607,8330,<openml.setups.setup.OpenMLSetup object at 0x1149082d0>
863,8990017,146607,8330,<openml.setups.setup.OpenMLSetup object at 0x114a385d0>
864,8976292,146607,8330,<openml.setups.setup.OpenMLSetup object at 0x1149292d0>
865,8982835,146607,8330,<openml.setups.setup.OpenMLSetup object at 0x1148dc150>
866,8992074,146607,8330,<openml.setups.setup.OpenMLSetup object at 0x114a58710>
867,9202636,146607,8330,<openml.setups.setup.OpenMLSetup object at 0x114a6cfd0>
868,8975671,146607,8330,<openml.setups.setup.OpenMLSetup object at 0x114915210>
869,8963886,146607,8330,<openml.setups.setup.OpenMLSetup object at 0x116520090>
870,8992602,146607,8330,<openml.setups.setup.OpenMLSetup object at 0x114a60750>
871,8964426,146607,8330,<openml.setups.setup.OpenMLSetup object at 0x11651a0d0>
872,8976206,146607,8330,<openml.setups.setup.OpenMLSetup object at 0x114920290>
873,9202664,146607,8330,<openml.setups.setup.OpenMLSetup object at 0x1149e6810>
874,8990745,146607,8330,<openml.setups.setup.OpenMLSetup object at 0x114a3fe10>
875,8983896,146607,8330,<openml.setups.setup.OpenMLSetup object at 0x114908ad0>
876,9202668,146607,8330,<openml.setups.setup.OpenMLSetup object at 0x1149f1050>
877,8978778,146607,8330,<openml.setups.setup.OpenMLSetup object at 0x114a17d90>
878,8978780,146607,8330,<openml.setups.setup.OpenMLSetup object at 0x114a1c5d0>
879,8991094,146607,8330,<openml.setups.setup.OpenMLSetup object at 0x114a536d0>
880,8989463,146607,8330,<openml.setups.setup.OpenMLSetup object at 0x11498bd50>
881,8979297,146607,8330,<openml.setups.setup.OpenMLSetup object at 0x114e85ed0>
882,8988023,146607,8330,<openml.setups.setup.OpenMLSetup object at 0x114971450>
883,8979301,146607,8330,<openml.setups.setup.OpenMLSetup object at 0x114e8d710>
884,8965991,146607,8330,<openml.setups.setup.OpenMLSetup object at 0x116514110>
885,8963417,146607,8330,<openml.setups.setup.OpenMLSetup object at 0x11438dd50>
886,8963420,146607,8330,<openml.setups.setup.OpenMLSetup object at 0x11342b710>
887,8981594,146607,8330,<openml.setups.setup.OpenMLSetup object at 0x114eb4090>
888,8977264,146607,8330,<openml.setups.setup.OpenMLSetup object at 0x1149443d0>
889,8983934,146607,8330,<openml.setups.setup.OpenMLSetup object at 0x11490d310>
890,8977788,146607,8330,<openml.setups.setup.OpenMLSetup object at 0x11494b410>
891,8963439,146607,8330,<openml.setups.setup.OpenMLSetup object at 0x1137327d0>
892,9202711,146607,8330,<openml.setups.setup.OpenMLSetup object at 0x1149f1850>
893,8989081,146607,8330,<openml.setups.setup.OpenMLSetup object at 0x114984510>
894,8988570,146607,8330,<openml.setups.setup.OpenMLSetup object at 0x114977c90>
895,8978825,146607,8330,<openml.setups.setup.OpenMLSetup object at 0x114a1cdd0>
896,8979851,146607,8330,<openml.setups.setup.OpenMLSetup object at 0x114e9a790>
897,8980883,146607,8330,<openml.setups.setup.OpenMLSetup object at 0x114ea6810>
898,8962948,146607,8330,<openml.setups.setup.OpenMLSetup object at 0x112f0ec50>
899,8978839,146607,8330,<openml.setups.setup.OpenMLSetup object at 0x114a23610>
900,8988081,146607,8330,<openml.setups.setup.OpenMLSetup object at 0x114971c50>
901,8967068,146607,8330,<openml.setups.setup.OpenMLSetup object at 0x116514910>
902,8976288,146607,8330,<openml.setups.setup.OpenMLSetup object at 0x114920a90>
903,8981409,146607,8330,<openml.setups.setup.OpenMLSetup object at 0x114eae850>
904,8988601,146607,8330,<openml.setups.setup.OpenMLSetup object at 0x11497c4d0>
905,8978341,146607,8330,<openml.setups.setup.OpenMLSetup object at 0x1149fa490>
906,8962967,146607,8330,<openml.setups.setup.OpenMLSetup object at 0x112f0ed50>
907,8969641,146607,8330,<openml.setups.setup.OpenMLSetup object at 0x11650c150>
908,8981007,146607,8330,<openml.setups.setup.OpenMLSetup object at 0x114eae050>
909,8982968,146607,8330,<openml.setups.setup.OpenMLSetup object at 0x1148e2190>
910,8988112,146607,8330,<openml.setups.setup.OpenMLSetup object at 0x114977490>
911,8979894,146607,8330,<openml.setups.setup.OpenMLSetup object at 0x114e9af90>
912,8972560,146607,8330,<openml.setups.setup.OpenMLSetup object at 0x11653b1d0>
913,8982974,146607,8330,<openml.setups.setup.OpenMLSetup object at 0x1148e2990>
914,8989136,146607,8330,<openml.setups.setup.OpenMLSetup object at 0x114984d10>
915,9202260,146607,8330,<openml.setups.setup.OpenMLSetup object at 0x114a60f50>
916,8986586,146607,8330,<openml.setups.setup.OpenMLSetup object at 0x1149613d0>
917,8981965,146607,8330,<openml.setups.setup.OpenMLSetup object at 0x114ebb0d0>
918,8963522,146607,8330,<openml.setups.setup.OpenMLSetup object at 0x113732fd0>
919,8978392,146607,8330,<openml.setups.setup.OpenMLSetup object at 0x1149fac90>
920,8984030,146607,8330,<openml.setups.setup.OpenMLSetup object at 0x11490db10>
921,8976896,146607,8330,<openml.setups.setup.OpenMLSetup object at 0x11492f310>
922,8964064,146607,8330,<openml.setups.setup.OpenMLSetup object at 0x116520890>
923,8978412,146607,8330,<openml.setups.setup.OpenMLSetup object at 0x114a014d0>
924,8978417,146607,8330,<openml.setups.setup.OpenMLSetup object at 0x114a01cd0>
925,8969713,146607,8330,<openml.setups.setup.OpenMLSetup object at 0x11650c950>
926,8990733,146607,8330,<openml.setups.setup.OpenMLSetup object at 0x114a3f610>
927,8987697,146607,8330,<openml.setups.setup.OpenMLSetup object at 0x114967c10>
928,8983554,146607,8330,<openml.setups.setup.OpenMLSetup object at 0x114900290>
929,8970238,146607,8330,<openml.setups.setup.OpenMLSetup object at 0x116503190>
930,8984069,146607,8330,<openml.setups.setup.OpenMLSetup object at 0x114955350>
931,8986649,146607,8330,<openml.setups.setup.OpenMLSetup object at 0x114961bd0>
932,8978437,146607,8330,<openml.setups.setup.OpenMLSetup object at 0x114a08510>
933,9202335,146607,8330,<openml.setups.setup.OpenMLSetup object at 0x114a66790>
934,8984079,146607,8330,<openml.setups.setup.OpenMLSetup object at 0x114955b50>
935,8988708,146607,8330,<openml.setups.setup.OpenMLSetup object at 0x11497ccd0>
936,8975889,146607,8330,<openml.setups.setup.OpenMLSetup object at 0x114915a10>
937,8977946,146607,8330,<openml.setups.setup.OpenMLSetup object at 0x11494bc10>
938,8990261,146607,8330,<openml.setups.setup.OpenMLSetup object at 0x114a38dd0>
939,8978463,146607,8330,<openml.setups.setup.OpenMLSetup object at 0x114a08d10>
940,8964556,146607,8330,<openml.setups.setup.OpenMLSetup object at 0x11651a8d0>
941,8778510,146607,7694,<openml.setups.setup.OpenMLSetup object at 0x11688a450>
942,8778582,146607,7694,<openml.setups.setup.OpenMLSetup object at 0x111b96390>
